crimeid, namej, surnamej
de2d17e8d7782fbfb6f7ddd746954ae25dd3d5a7e6de4df429caa57f79474e48,Jake,Smith
40f37359e7d22e7c13407efd468f83d61935caee3bd9fa9ad9a8108459d9cd4d,Connor,Jones
0c978f5e60e00e031daa8849d65fcf72b9bc476f8d3750595ab96613abd336c4	,	Callum	,	Williams
3b8c27a98936ab29648cce71d3d2337a551c2176ffffd68bb1b37d6ea4b2244e	,	Jacob	,	Brown
abd95123f8c8cf2aa0ee7ae56fe69c5a683d3a5a0471f42d4c73346d8ab2e86b	,	Kyle	,	Taylor
032c9465ded45d368a35ffd4107580c9ec595b2ed25dbe67140cf678c0106d59	,	Joe	,	Davies
2c5e4634233644e5f096c78ef839b8d73f28b46ddd4fe52b03a39c10aab5c44d	,	Reece	,	Wilson
8837c451850f2825071d47aed3a41d4908d9555fa07469ac36bf0b82c67a7a60	,	Rhys	,	Evans
f02b3eb3b5a7d754f3088f9cc80da0beb19714936068e240bc2ed20b1e61e897	,	Charlie	,	Thomas
43888f75cd70b34d5225d89eaf5cf20bb7593ce595637c8dc939d981f9afe2ee	,	Damian	,	Roberts
1f2c7832daacb50f9c78c69614f44f26d5f18e1e107867fa88c07518cc8269a2	,	Oliver	,	Murphy
1dab412f1819e513e896a42fd482f657aca51f08c44fef8b8c280b204de8e77a	,	Jack	,	O'Kelly
163a52bbcae2f5da6bf9fff9661ca18003f77b9ea9286ca373a4b68c57e11264	,	Harry	,	O'Sullivan
5e9857fd2754a901cd270b2a24675d59d79595a69a6fd15a0a2bf23158ff6aa3	,	Jacob	,	Walsh
96a4ec6ebe3dd72799a636504ef3dfcf636d7cfea3eeeae3847f9af47f74e2be	,	Charlie	,	Smith
ec5345719213aba90e68def745063e71a4931b810dca95fa139f002a6f639f23	,	Thomas	,	O'Brien
283a82e7e94d09fb9de443914c56ccccd1ac78d213eaa776acce191c41f9fa14	,	George	,	Byrne
372251b2ce540d638b9940b0548baff60a0f65f082efb5d92c49f4dd3842c93d	,	Oscar	,	O'Ryan
5b17bfe411922aef25dbaaa33fde88c582e4181e7525e45428dd27afd800827c	,	James	,	O'Connor
853514638746615bec532d64eb6b3719d6e65d94884762371813bf16bd14c6e5	,	William	,	O'Neill
9e6b076a75685ddabcf61016376844e6df79176de96f9391ce96c53f68e27802	,	Noah	,	Smith
ec2db5c064ce788005f8035f1c027a9a62f6a833c071185305a19e0cee007b99	,	Liam	,	Johnson
05a114aa7cc788ab87123de5877148dacc15608bb5c6446c50a0cb9a6345d131	,	Mason	,	Williams
b13b965be45f90f833ffdf1aa6d3ac2ea1058325129700528e216599685dbb8f	,	Jacob	,	Brown
ae6131163ac9d9bd2d1d572506069ac32bcfa88c53b1499f6a53c7f8b36033ac	,	William	,	Jones
dbea7a4824c218ab44bd1c7d1d2069c90b83553bbcc5944d45d563ca511f995f	,	Ethan	,	Miller
26ecd8907a140c1d3776eef4d8573122d09b99267f1e75fe9ed2b896a87369cc	,	Michael	,	Davis
dcb9c04e5a7ca8bc175c9ad7c7fe6d26dd886729e44e9763f8081d6cc36a850f	,	Alexander	,	Garcia
4d4956d312c4316c5d0d95e7af8b6e812667bb9e005f589dc454faa4c8fe25ef	,	James	,	Rodriguez
7581cde28147b96267661641002673c6453daecf5116ba6f59bc887bbbe82eb6	,	Daniel	,	Wilson
c757372a9474554055938bcb98f1312c6ece41f1301c9172d7d8c8dc9f1a6ffc	,	James	,	Smith
779efa6ccd7aaeccd36ba939182bf1e3d259c0a377dc12cce5bb43688e1d0995	,	John	,	Jones
5a77d7300af44625122177acc72e3bc8a165b6d99e21b71d10c41e1fe6d5b1e9	,	Robert	,	Williams
7cbb28f65ae6cd4a84c42e436e579def14b2013b43d6e1ec60ffbefdd66602b8	,	Michael	,	Brown
177c15640f81e0b6c9bf92794418f7e43cd68c4a8866792432fd19aee29d7c06	,	William	,	Wilson
b3e2a7f51bcf2dc500ece32774cce547f04be14db86d6d0e69653d59abec197e	,	Margaret	,	Taylor
e975d84f76be6cdd83b40d55a3cda480d4d64ac3b66d3aa822a81b91b8b80d37	,	Samantha	,	Morton
27f3c10122bb6a34dab8730a3c6a4c986bed7937a16003f96f0f3ba5187da5ef	,	Bethany	,	White
21ed6471dd51378b5949624945ae43be77db535ae6d014059d719797ec05ea9c	,	Elizabeth	,	Martin
befc89c277b3dfa978da517f3ea0a894a431f270ee4845c09c3feca0cc39c726	,	Joanne	,	Anderson
08700238cbd1aa8f02f8420648c60220575df8fb26f9abc1caaf270d2c6cbc28	,	Megan	,	Li
1a6dbff62e997a855a3ddbfafe52e76280ff6173b47e7081c173b45d3a7635fc	,	Victoria	,	Smith
e0652a8c0181bc017f24c2f6de567b46b1ead3e34631085d566a0c3562faa32e	,	Lauren	,	Lam
c32f04b6bc026e5fa391ba1ca6c799ef90527bd13ed690a38b5be2fa1c87f5f0	,	Michelle	,	Martin
d7c97cdea66db5f2477c5b7c0d75eccb7e5cdf7050097a93f3e5fab4cd32c256	,	Tracy	,	Gelbero
963f1af9a5b9f9f751c2dc9a6cf0ad59f8e79441cf9717989d3a78f3fc96c02f	,	Emma	,	Roy
b8c912527dcad469d45677bed7369db6176cd2022675db2936168a300c3fbf59	,	Olivia	,	Tremblay
90a45b783a667f9f90c3912e4023183bfad89d2efd46170f2d45e98a3c1046bd	,	Sophia	,	Lee
39d9bb3aa6f93ff86c246d362e9671e9a3a6c2c7a1f35ad14b6cef1508653476	,	Isabella	,	Gagnon
57b88bfb1a2f586edc0089e72904f63c7b7c1931e899acf3ef11878b3a060ae8	,	Ava	,	Wilson
958458016f3e258f59342e03c56715957e8668a8437e97d5a96b80ab3326fed8	,	Mia	,	Smith
1e0de666cce687f3060981407adef88bf16fb525ed92c8506984915f212ea442	,	Emily	,	Wilson
29a334e2db6b190c36c277a61f1c5f34443a048ec9e2946a0dccfb130d3aeeb7	,	Abigail	,	Williams
4ea2f045faba08da55d741c42225fb79d75c5acd3ad916a5e795209577e03338	,	Madison	,	Brown
b35d95d27fc8e2038e57c97ad4682a4eb23f6085f11b7d24ef9295722ce57306	,	Charlotte	,	Taylor
cd5521d86f287f7c4261ab6780745e453aaa99c1f8c0f5f493a732b4a498d8f9	,	Amelia	,	Jones
c7e265b1c84e11b05fcd4e120acf8f6cb7f94497ace7116e6c918f054a213f17	,	Olivia	,	Singh
1e0aab78923638058d51774497d968092e86fd3a3579464ca5228aba9c57e8bf	,	Isla	,	Wang
d09b01bacbe3e0eae6ecc9cb088cd2a0f07f90bf7b50175f521cda442eb388b2	,	Emily	,	Smith
646fbb24fded9f3a8ad182bbd7eca2b1e9445d7689509a88f326c97f729baeb1	,	Poppy	,	Jones
5aad6e2699fe17db6ed02a30d245af1f7b8c7a34663d4a08f4906b2af4dff4fe	,	Ava	,	Williams
fbc3d2f65c9419e8b3c9cdb6bbb8abaeebfcd42182215857758204d16234b610	,	Isabella	,	Brown
098496e984a61879399e7ffe095be33727fa0826c4c0b6ea747f5d4dec8dfb0d	,	Jessica	,	Wilson
30103a20a42f91d732e327576056f6158703b04990a28280d05ead1f5c9dd7a3	,	Lily	,	Taylor
83fbd86e9909111e99fd109b2e01e4abaab3a60d431e8e4a18ec2d98611e6ba2	,	Sophie	,	Morton
cc181be1f118b2419abd508a865436123f2e338f928d26da14edb29ba5ffef29	,	Jake	,	Smith
9e31a10292ef17ace530ebd8c917141fc792eac29eb37a498075c87fe6f4642b	,	Connor	,	Jones
47884d36c49afba6f7d01df0c1236b0bae911fd1e934400908c2603b8b8c31b5	,	Callum	,	Williams
5565d12056a13da4b68a05c00268b5d0931b1b82b5702994732f2f41e3832f8f	,	Jacob	,	Brown
9af50422c72b14a70c26f91af82e797344d6cd13053b57d474b4435227823ad6	,	Kyle	,	Taylor
4b61b0fb44fae4e49d652f08e304f782adc223ac619ae461a644f41b2e0f1509	,	Joe	,	Davies
2de874284bfee4c8415ca5249da78e7fbd6f4a7cf823e086780aba37d9fa5aa4	,	Reece	,	Wilson
29d40aaa84184b3ab7111691eb576cc3d9c86f32cde98814f77581bb24711745	,	Rhys	,	Evans
4792aa5c99837767a841149689779d70d979abf8f003c3ede8d34568ef131624	,	Charlie	,	Thomas
41a012444cd4468dd9159fde1e778a10f88d3d31cfbfb733f2839b0bdd39b4e2	,	Damian	,	Roberts
8ed4947a50817ec7128b96d9a337969da78288971b688a38c13ca769b6cde80a	,	Oliver	,	Murphy
e15b1e54bd9a3a6286f1a032aa13b809cc62db4f5c47fc03525ea321b520b0c4	,	Jack	,	O'Kelly
2d13770f7574c7d5a1823fe859ac70c50a774145b20ede93c5f5c4f39b51c0d7	,	Harry	,	O'Sullivan
d36294adeacb7222374e4c9bacd40fd91bd707940141a6215a559f2c9b5a754b	,	Jacob	,	Walsh
ad2043dd651a4f64a94e77e40a3e9c5bf0fa17e4e0a997e6c431c66174c7b5c9	,	Charlie	,	Smith
f5cebcac8ccda8ff6c6e69a1067f0479bead1d32cada299e12dcbc1b678be03f	,	Thomas	,	O'Brien
ea52ef3e8f29ab4f5db9de0aed41d5c76e2241842ac1f4a7e6ea513cf418e90a	,	George	,	Byrne
4287cbf17da83fe30d6b8874be1cd5aea1e84202656478fdbd9c6faa8fd69d2a	,	Oscar	,	O'Ryan
31be319e5dab91af4a1aac75075c8f52d17471f81f383d645f3157e6f61f1383	,	James	,	O'Connor
9ec5018c1425a25cb41adac2460b29bd50cc5ed654e3e900b1407d3a77310bbc	,	William	,	O'Neill
b50cf6ef557f5cd90bb13abe24373be98fe13a92d6b6a8b02d231e080ed996bb	,	Noah	,	Smith
b419b4766861234e1e179a3065d9c63aac43e447fd1f23476305b373e1f8e29d	,	Liam	,	Johnson
00f019709f4f294ae8cf799ccf5ab4e80cc0b016c5fd2ee50a0e44a1820ad95b	,	Mason	,	Williams
2edf0d4991e0984d5a35bcc8bc97bbeaeb61c0b80b131bb0a67d39b161b8074d	,	Jacob	,	Brown
8c988c82814b23bf27623c8fae5493ac513eac37c8ebd8a1a79248bd4d3d6de4	,	William	,	Jones
168736906d66a127f36954e6525973067508e23394960bac22cdc1bcc8d129a5	,	Ethan	,	Miller
1d0242531441fc08d67a6c8533013ea93ce6ea90c288196af0b6a3c1e8051a7a	,	Michael	,	Davis
fa8b5d93c9ab6251341b337e860665ac53d0fc6f7bb7673e3500625235c2bc65	,	Alexander	,	Garcia
1e4d9139d4d135b243692dbe105de44de296e4f5f53ce6a8966ded6fb5837c2d	,	James	,	Rodriguez
41a399f203caddb64fa472a726cea51accdd0c3b899c6737e42d9df33c79441e	,	Daniel	,	Wilson
5ff8589d19ecec87fb9c5590e3b460d0dec29b4309d714fa04884ee2e643ab8c	,	James	,	Smith
4f59cceced2d46a5241b754baae6661de3ad6fd28fefc6c0e5b140f4eb1b34d2	,	John	,	Jones
4999f6dbb963c484aaa61a21db23f5153f2b9e0ba0c54a5f43ad7de93d2e049c	,	Robert	,	Williams
0273cd59d6be9c12ce093ddea623edb38e4997c62f11135273abb78e06038403	,	Michael	,	Brown
fd473def9e5f616f76ec9b41e29a3786fa3cc1a3ecdc6752fa2612ab4d8a76a2	,	William	,	Wilson
5aeb55517a38484430973a4fb6d73ef4a76ac821b8b96947c059f1aebb07dd0a	,	Margaret	,	Taylor
091e7b4cfcff83ade5d509d11fc27a484747fd402ca7956df8dd79e66edb339a	,	Samantha	,	Morton
aa44fccfd01915d8bc3452a7b1e679c15aaac61b3a68026efdce20260998c862	,	Bethany	,	White
637eac9fad573c1bd6f5415a56a63ee64ddf8c859b0cd505bf098f2c0b72d18a	,	Elizabeth	,	Martin
349d40f697c6f62c99484b707f8c35c0be57f99cc8b45918376e0494cdb2d1fd	,	Joanne	,	Anderson
3738e17c2cffbf80f346915484167094843c6dd9b98640cd535e3916ad6d4e1a	,	Megan	,	Li
457b8f6f4a9077d5017cd14d5746739ed90f1bcb1c1b6ea4850d02c6eb032437	,	Victoria	,	Smith
023a565a6e57d1316d9c2b01d83ac6ff3486ffc881d25448da74083201a9b688	,	Lauren	,	Lam
d18271df4e482d7ceca3804c9eaae00c9444c5ca1d50e62de66e58583bed4089	,	Michelle	,	Martin
894b32c09b72e04614512b4c8bbff58169498e587024f877a2da56c832787dcb	,	Tracy	,	Gelbero
fcee494e9cbfae0ef143f9c90aa8e27474cbdf3339f605e0b3806d85c91e63a3	,	Emma	,	Roy
ca8a5c12d31046ed6abecc9d22a35e222347691eeb410da7502c73850553f3ea	,	Olivia	,	Tremblay
400d5147b9c1962a6165f851a78c21bff3af0365784bc06d6df97e129b1930fa	,	Sophia	,	Lee
0e3d71fd44ea4f656eb13fd024b98bbf3230d58477cb730c831cc4aaf2e3e5e9	,	Isabella	,	Gagnon
e8ce2bc27abd29ab995a61d924b5ff477ae16649fc2e5f8d20ce73289c28f8a7	,	Ava	,	Wilson
482cd05fc0d296ccad21a61bf41a1bdbf39fc00f37235d077812526b210fa025	,	Mia	,	Smith
432c2ed72d296bfa16ee5c6ebd942a9381932c4402c6c467fa073c2423f39467	,	Emily	,	Wilson
ec7a7cdfc0845941c1df2da6c3790f3acf35c4a8f4d8a839acc315b26fdb77c2	,	Abigail	,	Williams
6d8eb082b03af1fea2bb7d9bb8fcbff567a8fae238d372bc70fa958fc7f9a358	,	Madison	,	Brown
0cd925af43663ff5b0c72de4a33193252c69d6f0f7c00b0d089b29ac9806471c	,	Charlotte	,	Taylor
7f957021588b8e1e83163f4d7c48ea5a79334e18102d3267b5721cabd0769e8a	,	Amelia	,	Jones
8d757d1ce6544cfe6d8e93a62b05f12257b2ef82254e8a3d8c47bbbd5bbdff18	,	Olivia	,	Singh
f64bed71ebf9b5134d812997d796218eb87619de1c73b20a79505745d8a131a2	,	Isla	,	Wang
ca9ef98b1e9fe60da87505c13fa25cf6447f4688a100292641e61c2f1aaa51b3	,	Emily	,	Smith
5d27068e1c7dfc3b15753febddce2cdd9b134fc935274892ac15281b991680f5	,	Poppy	,	Jones
60d7444027a1c798fc55910e26c58d7ad905abfbc664c1a22f8d5ab3e4a514d1	,	Ava	,	Williams
a8a1d261928ee7f9dfb6f8db6c0a1f8731ad800afad47c18571acf1ee72535df	,	Isabella	,	Brown
4ec55e875b2bcafa938331ffc3aad4f10cd70a205328fb399e7d0240dd52087f	,	Jessica	,	Wilson
867a28d3ecef2345cd8d2cab560d36f346ab197fe8e1eaedb1a654d34da34e27	,	Lily	,	Taylor
4e171ae0bf7b53bc9415145bb439fb078c4457cacd067b05a0e0ce75045f2e3a	,	Sophie	,	Morton
d6c247b07759344335d77b6a8c657220b633440c428f38ea8a3001ba22c4d78f	,	Charlotte	,	Taylor
e0f3838db54a79336712b4acc6882d01c59ba0c8fd0bdc54a9af5ace059b1080	,	Amelia	,	Jones
11fccdc468673488b563a5d3c241797841d3deeb12cac897f2536b3ed8cf9cca	,	Olivia	,	Singh
bd9323ec3e121db84c3ae57dd46059ef2d37b01c908cb5e434d974dbe7031ab0	,	Isla	,	Wang
a7f898515587cbfa1ea5df040f2c1f18df14a24b43fc53f5a03192b39cdccd48	,	Emily	,	Smith
e5931d22be92bd323bf387439aa224127826e51c4b49fe7115b12b898782e55c	,	Poppy	,	Jones
d6160e79ffa827ee8d372acb6013b033f3765ecb862ec01b1230ccea3ca9388c	,	Ava	,	Williams
4db017e138ea8019491764d89a3581ef4916ef822b5ab81094eb34017068cd61	,	Isabella	,	Brown
588ce900d64c056563741a459339b8ccb1a867f0ef2e96d001a9afa8633279f1	,	Jessica	,	Wilson
76f6e32aabd73df8411657b55779346f44980738e9f55ffbde583f287f46551c	,	Lily	,	Taylor
ea3c4f0ac2fb6cddcfe4c2efb754ef0b508231f2e426d6606650d91965f88f5d	,	Sophie	,	Morton
d94f17a3685601a48ad89289459e3298bbe3b2ae77fef9f06070abaa44fa3fed	,	Harry	,	O'Sullivan
07cd166402d502674b7e0bb22acb655a31a25c0418f723eb6351be9a2163d6a0	,	Jacob	,	Walsh
0cc8be9519a6d656e3fb64c29c84639e9cd8ca357ed84d3cdbfbfd0812717b11	,	Charlie	,	Smith
a4c5564a385725fa1aefb215ac74c5827609f8bb654240d6b6b019c306cb2e8f	,	Thomas	,	O'Brien
97d7573557f4a9d254450c6cca384f6abb8477fcc35b832f4010daf9ad6353f1	,	George	,	Byrne
a7716811b3addd085578f25ed3b435d09bcf1e4cd0cb342e8ca849bb9935255b	,	Oscar	,	O'Ryan
e2feed8222528c2397577c42b77c11188526db646d8c0630a88ff34579abc7e4	,	James	,	O'Connor
294b536188d43154457c0bcf676e410d5f1ee8f29f667ba77fc685c1e5b16e76	,	William	,	O'Neill
3725343c969964cf097d787fa8bed95390b26eb3f095d24000d4d76dc541b564	,	Noah	,	Smith
1f998d232350e73fd2535b5db985df36cfd9cb0c20434373758449cb7c6dfaed	,	Liam	,	Johnson
48d2be5a57347a72f951c0cb6166797fde668c796923199e3951a99866532729	,	Mason	,	Williams
7c364f9dc72985bf24544d5fac3f698bb2bff274d5ec8788d97c2f7409ec5d6d	,	Jacob	,	Brown
163170ba6e6e11d11496de33f43e96ebc4cee4cc6693973be70a2401a11d9a2b	,	William	,	Jones
706066b8e24482a3c92a151af290265c241699da0114eb0fd6a294e6e9eea465	,	Ethan	,	Miller
757b4ef3185875a66ac684808bdb17f73ce4ec572476d89d7800fbb57e667007	,	Michael	,	Davis
2110f22da959fdc4b8cd42aaa83a991a8a5b8bab610670a2605df73392382f63	,	Alexander	,	Garcia
6b3936d6da075f5cbfdb6ffb741276f2cd731a955f260ef91c159bf5c7b3168e	,	Harry	,	O'Sullivan
510db743d69a9c1d92d2500f407fd37c1c00609d07cfc2fcafe5817b00a210de	,	Jacob	,	Walsh
bf3db386192b33ad562c953e007b2188ba976dcc1aef9cbe461c30434b32b46b	,	Charlie	,	Smith
8271a14f0886b33d8c01027f81e1dfee12f9403719471f733fb992347422d02a	,	Thomas	,	O'Brien
9b60e16a0617b28bb0f4162e7e3242f069274ab9278f4310a785924f3e972195	,	George	,	Byrne
00bf589aee7cdab79105693a33a8b364f75943d46a321b5639534318ecfa148d	,	Oscar	,	O'Ryan
d696f1ef2bd39a33792917c8dedde42c649bae771f54420a3a5c90ffd382e3c8	,	James	,	O'Connor
02f9907311896085ab8a7f421aa3184b76880162cf2fe0b1c9508527596c3482	,	William	,	O'Neill
4b86c3905019a288d602772807ca1888ae0c7dd141033e91eabc146e3cffd8de	,	Noah	,	Smith
7d01efa7a6c3d22b5bddac8069f2dbdd37baf4261809daa23c333499ac75e11d	,	Liam	,	Johnson
35eb85cdd09f6d1151218af1e708d9a7c0b969811f562184115d61cbbf140a72	,	Mason	,	Williams
7127c3f9b81305ad18d7dead1f3ba16da2ebea22c5e5c2af0bb5dc05b54e2864	,	Jacob	,	Brown
6881fe65f18320178c28d31c689b13c2e6857e83f2eca77d25bfa2843e059648	,	William	,	Jones
7ee509f2261b58f4cfd0d0158c31dbbedb6660b073c263b958fce663a3d947ba	,	Ethan	,	Miller
d8c031847851b1983a3a44fb291ce0541289526a158a4f21e904bf5205b7b741	,	Michael	,	Davis
882b3be3fc511a4c2937235ddc72930788a00097b1ccf9817b4405c992edaee0	,	Alexander	,	Garcia
ff8c532d3bd963afe4dde8fcb97480d59f367f35aa1fb937dbaab67dd3cd5c2e	,	Damian	,	Roberts
9dc7ac2b54324c6aea8383c8b8aef5ee8fa910388eed2f529bac459f30ace161	,	Oliver	,	Murphy
05d29b95afc6f0fbefe5985442d02758bd86819fd4d19cbcf81d4246478c78a4	,	Jack	,	O'Kelly
118b6edb656f1bcb4139709526119802089bb00c459f98ba848f873437151dfc	,	Harry	,	O'Sullivan
93306f9b26de7b31c809d27af5acbcba4cde64de83a65e7eb112f7a345f8fe7c	,	Jacob	,	Walsh
54c21c4501a692eb6dfb2e9a13afb72970585fec86d3011ff22fb60a039946ba	,	Charlie	,	Smith
8cfd1f224f49103c1601ba68b6e727bba63e9a221848554573482e986cbea1c2	,	Thomas	,	O'Brien
ff431f3c1d5f30e4e6d1caa84322d9208225fc9ede1a48010a954cb6af5bf98a	,	George	,	Byrne
9fe91e52f1005f5a66115ab57388654e57fb5f1cb4298072783067ad26df584e	,	Oscar	,	O'Ryan
df745bf5e1c5338993cb000ad7718d16df3e6ee02eea9ec5d673ac5e05e82a94	,	James	,	O'Connor
3733a40f384486716b5a9ba4076e7d3904aaa3785a9eb664aa7ef13ff94946a0	,	William	,	O'Neill
a7891a989abf34991d682f36981bf13e32f75a1b492ca6e8dd6ccd78d7d96506	,	Noah	,	Smith
1428bd2f48816212b376c5810e2a28d9dae903f0fc0b93c24c1ebf379881b018	,	Liam	,	Johnson
56f2fef0a7675033a312d0534ce9505878e2a030cec8e621b7909cdc796e66c3	,	Mason	,	Williams
f4725b78670c0185dc00ff4a8cf7679894e6ffb9f0da09cce267d6777d076ec7	,	Jacob	,	Brown
5ae2d37f3aba49e00c6a945bc171106db48f269bcab4bb8c7a0adaa9759e8b81	,	William	,	Jones
82f55d8c1b86b47fe03bb560144c2a3035cb1fa1f254672e972db54d5e6c6eea	,	Ethan	,	Miller
1813a3df583b2efbad2cf206140aee7435e34b6075d5c314857fa51d16f77b21	,	Michael	,	Davis
ea22adce98d3a8c657037e47e06ce98300aceee44ffd3f152018f45373d84062	,	Alexander	,	Garcia
152a8a41c66210536aa391aa10ed67211ae5b45fbb18c049a07c3d5eb24d1bbd	,	Noah	,	Smith
0e79b387598ec9dacc9dab55a30075fee0c119a952a3b6633b2fd1d4b9459af3	,	Liam	,	Johnson
